{"cameraMode":{"drawMode":0,"name":"Shaded","section":"Shading Mode"},"sceneLighting":true,"audioPlay":false,"sceneViewState":{"showFog":true,"showMaterialUpdate":false,"showSkybox":true,"showFlares":true,"showImageEffects":true,"showParticleSystems":true},"in2DMode":false,"pivot":{"x":0.18479180335998536,"y":1.0387990474700928,"z":0.5207291841506958},"rotation":{"x":0.02480291947722435,"y":0.6170679926872253,"z":-0.019412724301218988,"w":0.7863162755966187},"size":4.195303440093994,"orthographic":false}