{"cameraMode":{"drawMode":0,"name":"Shaded","section":"Shading Mode"},"sceneLighting":false,"audioPlay":false,"sceneViewState":{"showFog":true,"showMaterialUpdate":false,"showSkybox":false,"showFlares":true,"showImageEffects":true,"showParticleSystems":true},"in2DMode":false,"pivot":{"x":0.0006510913372039795,"y":0.7080545425415039,"z":-0.7876107096672058},"rotation":{"x":0.040330417454242709,"y":0.0883123055100441,"z":-0.0035785972140729429,"w":0.9952715039253235},"size":0.26226291060447695,"orthographic":false}