{"cameraMode":{"drawMode":0,"name":"Shaded","section":"Shading Mode"},"sceneLighting":false,"audioPlay":false,"sceneViewState":{"showFog":true,"showMaterialUpdate":false,"showSkybox":false,"showFlares":true,"showImageEffects":true,"showParticleSystems":true},"in2DMode":false,"pivot":{"x":0.16385149955749513,"y":0.5978652834892273,"z":-0.606920599937439},"rotation":{"x":-0.06622795760631561,"y":-0.7474210262298584,"z":0.07536748051643372,"w":-0.656740665435791},"size":0.236973837018013,"orthographic":false}