{"cameraMode":{"drawMode":0,"name":"Shaded","section":"Shading Mode"},"sceneLighting":false,"audioPlay":false,"sceneViewState":{"showFog":true,"showMaterialUpdate":false,"showSkybox":false,"showFlares":true,"showImageEffects":true,"showParticleSystems":true},"in2DMode":false,"pivot":{"x":-0.009314417839050293,"y":1.6190998554229737,"z":-0.13087129592895509},"rotation":{"x":-0.05161157250404358,"y":-0.7469496130943298,"z":0.058377835899591449,"w":-0.6603083610534668},"size":2.8048133850097658,"orthographic":false}