{"cameraMode":{"drawMode":0,"name":"Shaded","section":"Shading Mode"},"sceneLighting":false,"audioPlay":false,"sceneViewState":{"showFog":true,"showMaterialUpdate":false,"showSkybox":false,"showFlares":true,"showImageEffects":true,"showParticleSystems":true},"in2DMode":false,"pivot":{"x":-2.384185791015625e-7,"y":1.9019142389297486,"z":2.384185791015625e-7},"rotation":{"x":-0.1297147423028946,"y":0.2720174491405487,"z":-0.03703221678733826,"w":-0.952794075012207},"size":3.4241456985473635,"orthographic":false}