{"cameraMode":{"drawMode":0,"name":"Shaded","section":"Shading Mode"},"sceneLighting":false,"audioPlay":false,"sceneViewState":{"showFog":true,"showMaterialUpdate":false,"showSkybox":false,"showFlares":true,"showImageEffects":true,"showParticleSystems":true},"in2DMode":false,"pivot":{"x":350.0005798339844,"y":226.28102111816407,"z":-0.7877024412155151},"rotation":{"x":0.00505514582619071,"y":0.9878696203231812,"z":-0.15172484517097474,"w":0.03290252760052681},"size":0.18726657330989839,"orthographic":false}