{"cameraMode":{"drawMode":0,"name":"Shaded","section":"Shading Mode"},"sceneLighting":false,"audioPlay":false,"sceneViewState":{"showFog":true,"showMaterialUpdate":false,"showSkybox":false,"showFlares":true,"showImageEffects":true,"showParticleSystems":true},"in2DMode":false,"pivot":{"x":-0.015912622213363649,"y":-0.04015378654003143,"z":0.017476171255111696},"rotation":{"x":0.6804001331329346,"y":-0.08931709080934525,"z":0.08411570638418198,"w":0.7225003242492676},"size":0.23580877482891084,"orthographic":false}