{"cameraMode":{"drawMode":0,"name":"Shaded","section":"Shading Mode"},"sceneLighting":false,"audioPlay":false,"sceneViewState":{"showFog":true,"showMaterialUpdate":false,"showSkybox":false,"showFlares":true,"showImageEffects":true,"showParticleSystems":true},"in2DMode":false,"pivot":{"x":-0.018089890480041505,"y":1.5796871185302735,"z":-0.10989099740982056},"rotation":{"x":-0.05161157250404358,"y":-0.7469496130943298,"z":0.058377835899591449,"w":-0.6603083610534668},"size":2.8123042583465578,"orthographic":false}