{"cameraMode":{"drawMode":0,"name":"Shaded","section":"Shading Mode"},"sceneLighting":false,"audioPlay":false,"sceneViewState":{"showFog":true,"showMaterialUpdate":false,"showSkybox":false,"showFlares":true,"showImageEffects":true,"showParticleSystems":true},"in2DMode":false,"pivot":{"x":-0.018089890480041505,"y":1.5796871185302735,"z":-0.142319917678833},"rotation":{"x":0.0629970133304596,"y":0.705761730670929,"z":-0.06326230615377426,"w":0.7028015851974487},"size":2.7910242080688478,"orthographic":false}