{"cameraMode":{"drawMode":0,"name":"Shaded","section":"Shading Mode"},"sceneLighting":false,"audioPlay":false,"sceneViewState":{"showFog":true,"showMaterialUpdate":false,"showSkybox":false,"showFlares":true,"showImageEffects":true,"showParticleSystems":true},"in2DMode":false,"pivot":{"x":-0.0009066760540008545,"y":0.7129532694816589,"z":-0.7918288707733154},"rotation":{"x":-0.1163216084241867,"y":-0.6964536309242249,"z":0.11596735566854477,"w":-0.6985597014427185},"size":0.21622234582901,"orthographic":false}