{"cameraMode":{"drawMode":0,"name":"Shaded","section":"Shading Mode"},"sceneLighting":true,"audioPlay":false,"sceneViewState":{"showFog":true,"showMaterialUpdate":false,"showSkybox":true,"showFlares":true,"showImageEffects":true,"showParticleSystems":true},"in2DMode":false,"pivot":{"x":-2.436293601989746,"y":1.2893058061599732,"z":0.2468860149383545},"rotation":{"x":0.00763989333063364,"y":-0.6842368841171265,"z":-0.007201642729341984,"w":-0.7292078137397766},"size":1.2377727031707764,"orthographic":false}