{"cameraMode":{"drawMode":0,"name":"Shaded","section":"Shading Mode"},"sceneLighting":false,"audioPlay":false,"sceneViewState":{"showFog":true,"showMaterialUpdate":false,"showSkybox":false,"showFlares":true,"showImageEffects":true,"showParticleSystems":true},"in2DMode":false,"pivot":{"x":-2.220001220703125,"y":1.2100067138671876,"z":-0.7999999523162842},"rotation":{"x":0.09352879226207733,"y":0.5887688994407654,"z":-0.06884830445051193,"w":0.799923837184906},"size":3.188861846923828,"orthographic":false}