{"cameraMode":{"drawMode":0,"name":"Shaded","section":"Shading Mode"},"sceneLighting":true,"audioPlay":false,"sceneViewState":{"showFog":true,"showMaterialUpdate":true,"showSkybox":true,"showFlares":true,"showImageEffects":true,"showParticleSystems":true},"in2DMode":false,"pivot":{"x":0.08194220066070557,"y":0.38182497024536135,"z":-1.0923466682434083},"rotation":{"x":0.009555651806294918,"y":0.9903063178062439,"z":-0.08787026256322861,"w":0.10738030076026917},"size":2.6778957843780519,"orthographic":false}