{"cameraMode":{"drawMode":0,"name":"Shaded","section":"Shading Mode"},"sceneLighting":false,"audioPlay":false,"sceneViewState":{"showFog":true,"showMaterialUpdate":true,"showSkybox":false,"showFlares":true,"showImageEffects":true,"showParticleSystems":true},"in2DMode":false,"pivot":{"x":-1.1266462802886963,"y":0.3720654845237732,"z":-0.9225724935531616},"rotation":{"x":-0.10491535812616348,"y":-0.8748165965080261,"z":0.41934704780578616,"w":-0.21880847215652467},"size":2.2889866828918459,"orthographic":false}